"","A[C>A]A","A[C>A]C","A[C>A]G","A[C>A]T","A[C>G]A","A[C>G]C","A[C>G]G","A[C>G]T","A[C>T]A","A[C>T]C","A[C>T]G","A[C>T]T","A[T>A]A","A[T>A]C","A[T>A]G","A[T>A]T","A[T>C]A","A[T>C]C","A[T>C]G","A[T>C]T","A[T>G]A","A[T>G]C","A[T>G]G","A[T>G]T","C[C>A]A","C[C>A]C","C[C>A]G","C[C>A]T","C[C>G]A","C[C>G]C","C[C>G]G","C[C>G]T","C[C>T]A","C[C>T]C","C[C>T]G","C[C>T]T","C[T>A]A","C[T>A]C","C[T>A]G","C[T>A]T","C[T>C]A","C[T>C]C","C[T>C]G","C[T>C]T","C[T>G]A","C[T>G]C","C[T>G]G","C[T>G]T","G[C>A]A","G[C>A]C","G[C>A]G","G[C>A]T","G[C>G]A","G[C>G]C","G[C>G]G","G[C>G]T","G[C>T]A","G[C>T]C","G[C>T]G","G[C>T]T","G[T>A]A","G[T>A]C","G[T>A]G","G[T>A]T","G[T>C]A","G[T>C]C","G[T>C]G","G[T>C]T","G[T>G]A","G[T>G]C","G[T>G]G","G[T>G]T","T[C>A]A","T[C>A]C","T[C>A]G","T[C>A]T","T[C>G]A","T[C>G]C","T[C>G]G","T[C>G]T","T[C>T]A","T[C>T]C","T[C>T]G","T[C>T]T","T[T>A]A","T[T>A]C","T[T>A]G","T[T>A]T","T[T>C]A","T[T>C]C","T[T>C]G","T[T>C]T","T[T>G]A","T[T>G]C","T[T>G]G","T[T>G]T"
"S1 (SBS1 - 0.99)",0.0152794103149911,0.00932614340984751,0.0023203826353519,0.0116334255607119,0.00718206641951686,0.00461994986409954,0.00165392118749655,0.00644096273012944,0.0228222392918994,0.0116340137298174,0.134074111010824,0.0165235646315144,0.00671187065161826,0.00494090293745125,0.00613631078425128,0.0124380161431664,0.01457108725579,0.00811688896876498,0.0128771552193459,0.0151968475148426,0.00387123203028329,0.00125433497340251,0.0052833539725942,0.0048311088841057,0.0113677704692232,0.00795071405802005,0.001183273066755,0.0106998506671067,0.00352798814498053,0.00312336586685782,0.00122771024894705,0.00347045652651515,0.018802290012539,0.0173951273116439,0.0737600916824194,0.0178738711912841,0.00441986630339506,0.00484181268740505,0.0050407471671018,0.00775790526710043,0.00883543896633428,0.0106606948035102,0.0125593021787464,0.00626418804227449,0.00247148926318499,0.00193718981974442,0.00289929359209884,0.00348297423181705,0.0120343351125461,0.00653346926043563,0.00178422037353868,0.00993930712919724,0.00161698749282367,0.00282334851695902,0.000699165492660031,0.00291613307494015,0.0145554982944015,0.0121861361576985,0.0865705843829145,0.013811792766985,0.00103471076659117,0.0010027536646495,0.00228375668412281,0.00357720884522534,0.00731697399338467,0.00571224751480396,0.00510334112994786,0.00962781519148272,0.00165658678820005,0.00106310972666359,0.00130413926895113,0.00309215583814921,0.00869759347853616,0.0042167624932327,0.00125231428638669,0.013645558394841,0.00258534187809547,0.00221648764829457,0.000874450866252844,0.00850200289941864,0.0108762709062985,0.0104071225684755,0.0464957500378174,0.0210800323155069,0.00962434594057159,0.0031742979453176,0.00250025494786976,0.0147195366698638,0.00749953269237552,0.00823497920968704,0.00655799287527315,0.0094379482441955,0.00407521680407637,0.00136831397324198,0.00369205355274817,0.00872735021352998
"S2 (SBS2 - 0.99)",0,0,0,0,0,0,0,0,0,0,0,0,0,0,0,0,0,0,0,0,0,0,0,0,0,0,0,0,0,0,0,0,0.0158304910412685,0.00227009324554332,0.00287344002376738,0.00673943704632473,0,0,0,0,0,0,0,0,0,0,0,0,0,0,0,0,0,0,0,0,0.00261401297235104,0,0,0,0,0,0,0,0,0,0,0,0,0,0,0,0.0199041365620589,0.0057379588423645,0.00119058477963808,0.010108008463863,0.0373273886979963,0.00313926128511651,0,0.0822523127380412,0.442650078556096,0.0888627516224633,0.0425309557796344,0.235969088343473,0,0,0,0,0,0,0,0,0,0,0,0
"S3 (SBS3 - 0.97)",0.0223267874492627,0.0215457611189948,0.00327836982287683,0.0221469257109349,0.01879338023438,0.0111423268779244,0.00512804715688374,0.0208732928017164,0.0219687326565152,0.00867479814019562,0.00475153793708231,0.0203038141195721,0.00986214009825249,0.00734286012644057,0.0107665409818579,0.0152138214953797,0.01364441318397,0.00823199974527346,0.00864862757215369,0.0190760636069365,0.00626057913995293,0.00254118159162973,0.00855818676277914,0.00611435507058395,0.0232558803843744,0.0201089196108019,0.0030791633424367,0.0230697692431838,0.0141343631225649,0.0119131401399537,0.00441594358008527,0.0191533294637909,0.0120932776108087,0.00838569259784351,0.00355126430471367,0.0202604878615249,0.0111843639878079,0.0143993892560548,0.0136551772307679,0.0217166307481318,0.00639885043542321,0.0120600647289399,0.00254306703221235,0.00915170853154735,0.00468403581224582,0.00491598530460313,0.00986835315741497,0.00453860761317149,0.0112045534020973,0.0133387508792132,0.00145350068038616,0.0128078810166817,0.00826453893635494,0.00818470311478643,0.00166885188104217,0.0137280867918718,0.0131211471819661,0.00733049051387738,0,0.0124516466167844,0.00668268414443367,0.00598358321481275,0.00818550929564426,0.013425105390575,0.00308316754253273,0.00480419882596891,0.00141137907106862,0.00696132418594399,0.00398303627061133,0.00232465216836029,0.00645131501698605,0.00542936094645141,0.0158072198013046,0.0189641296455929,0.00154951073035254,0.0235030770635754,0,0.0162486794497287,0.00198593406472286,0.0304820863241136,0,0.0119886485440539,0,0.0121227583034606,0.0106507150015012,0.00935450318066924,0.00752220387003809,0.0230411674761785,0.00980045254851076,0.00873522337183777,0.00507303171656695,0.0107056829712313,0.00802572852832349,0.00489003420960938,0.008668385012339,0.0128693525958864
"S4 (SBS4 - 0.98)",0.0618753202326139,0.0344337830659488,0.0151041689677208,0.0436912710042538,0.0110778052836636,0.00390051699702668,0.00205930624969526,0.00668942091835601,0.0131400466959881,0.00494999131618034,0.00237750031542483,0.00742631433632686,0.00664207264763239,0.00204719575199016,0.00936233889846967,0.0045204684623828,0.00643343493569705,0.000891324022671472,0.00399950072156688,0.00200430700182431,0.000753761868338358,2.97120109159206e-05,0.000960189936781262,0.000212138910144529,0.0787242854102045,0.0687069525848571,0.0167245633984162,0.0708708968032002,0.00855144339198194,0.00609401015156105,0.00240214834016447,0.0076026509825511,0.0130178630102424,0.00833702946187632,0.00190053018479357,0.0146158735396844,0.0105141700268014,0.00713848505103457,0.0201652232776016,0.00872947504886837,0.00336005483706471,0.0017399088842086,0.00364684057520191,0.00131212396967712,0.00030350854428709,0.000402922870917281,0.00217728120121844,4.59922665529531e-05,0.0403039839634439,0.0321009694149167,0.0107122446934353,0.028781118306059,0.00661359833877202,0.00470096918212692,0.00224573365989166,0.00490988922908307,0.00506419314333194,0.00332113977115236,0,0.00558428907201912,0.00646789882166126,0.00237563413772476,0.00817110732492162,0.00337061105819084,0.00191620379295613,0.000508028264015676,0.00108585194461457,1.27800535943647e-05,0.000421419062542327,0.000217133419740168,0.00135633825562777,0.000570858599676044,0.0512499846146195,0.0510328945236776,0.00792260053730366,0.0574138234016658,0.00434241764658938,0.00635527561588386,0.00144787592331952,0.00634434754535654,0.00394138416046202,0.00181239603306669,0,0.00839755291099664,0.00657035521026659,0.00304481563364205,0.00680600982834249,0.00480235211939243,0.00157239232361085,0.000804795627561589,0.000453831318819457,0.000292692430163466,0.000525051761970267,0.000113528448891235,0.00187872857379604,0.00039677593652377
"S5 (SBS5 - 0.98)",0.0116897747358467,0.00982842115214695,0.00175465178590802,0.00635468484626148,0.0102552283433138,0.00553663772985841,0.00143454639253291,0.01001811323711,0.0400250299271991,0.0206408699950396,0.00498254365148661,0.0252527588107033,0.00739799131355814,0.00727943376045624,0.00890367223795218,0.00516910931524254,0.049723037770934,0.0141794833509864,0.0412817399900792,0.0425265942976491,0.00404281256077456,0.00267940070010279,0.0086547013764382,0.00541808017675652,0.00685262656928943,0.00648509815467356,0.00326033271030206,0.00550107046392785,0.00679334779273848,0.00953202726939221,0.00245414134920919,0.00991141143931827,0.0194078714427799,0.0196568423042939,0.00290233576268537,0.0242687311199575,0.00318919817844093,0.00493199420903876,0.00406652407139494,0.00331961148685301,0.0134444265217547,0.0107176028004111,0.0219094358132299,0.0143217524147087,0.00269125645541298,0.00506240751745084,0.00605829096350674,0.00668664599494678,0.0103500743857953,0.00737427980293776,0.00215774746645446,0.00614128125067807,0.004445908241321,0.00519282082586292,0.00160052696687556,0.00694747261177094,0.0205460239525581,0.0230357325676979,0.00339250976348319,0.0186965261241686,0.00320105393375112,0.00271496796603335,0.00358043810367717,0.00284538127444544,0.0143336081700189,0.0079907790790676,0.0158274333391027,0.0135985513407872,0.00283352551913525,0.00196805538149143,0.005323234134275,0.00246599710451938,0.00639025211219204,0.00924748914194767,0.00180207480714878,0.0119980243739116,0.00905779705698464,0.00769438519631287,0.00186135358369972,0.0141676275956762,0.0231661458761099,0.024173885077476,0.00260830714203788,0.0235573858013462,0.00694747261177094,0.00372270716739945,0.00435106219883948,0.00906965281229483,0.0188150836772705,0.00937790245035975,0.0131124653730694,0.0199532361870486,0.00545364744268709,0.00707788592018302,0.00745727009010908,0.0139186567341623
"S6 (SBS7a - 1.00)",0.000713016710136173,0.000223417400632611,1.28736139147943e-05,0.000786902834124744,0.000259602696157782,0.000202125898923752,0.000150056141424695,0.000467781644295156,0.00110825151612636,0.0211752291468249,9.85570431785138e-05,0.0100487128388338,0.00340468379432751,0.000800487710376391,0.000948655760620804,0.00853217843146058,0.000767015664187091,0.000235077465911509,0.000484384169052116,0.0019543795574957,0.000918083564075088,0.000538889377832771,0.000946722252245494,0,0.0013558327541845,0.000373049764968808,0.000218048215303039,0.00221943149377339,0.000222644055478543,0.000382901818454281,0.000253091220285317,0.000607228083778894,0.0581960978436919,0.0783617723045299,0.00908694589650774,0.0685431651786383,0.000630135775676369,0.00100658357731801,0.000338256746592191,0.00272203619491726,0.00121240222062464,0.000482871602812464,0.00022443758020915,0.00565136609750864,0.000167294929759897,0.000531398043196405,0.000703993745112584,0.000533048970610961,0,0,0,0.000197402714984473,5.99431428389378e-05,0.000228602557177145,8.28039414531543e-05,0.000292632968459494,0.000794704663921582,0.0143946684047208,0,0.014071206094377,0.000593359316761035,0.000252450883526755,0.000402292885067209,0.00143803117610601,7.26827115749594e-05,0,0,0.00900609370479544,0.000255541882990152,0.000124096671434466,0.00110778008078174,0.00180999541027531,0,0.00217042689098453,4.6020037288905e-05,0.000812714333277717,0,0.000787168545196274,0.000129792180559493,0.00109133659069625,0.167131408515415,0.286169031548676,0.0577884159131242,0.110342658748046,0.00229218706323599,0.00216270028780517,0.000906644908892474,0.0150431669900031,0.00511053607157144,0.00184714786319399,0.00192588169582265,0.00485325088095935,0.00115906206375675,0.00126966920131311,0.000997410059558548,0.00197796105328575
"S7 (SBS7b - 0.96)",0.00527510572366947,0.000917669761641799,0.000378342910541149,0.00162334438425072,0.00042116021647073,0.000220843437775014,0.000602401615868887,0.000778689179651491,0.00015465858540686,0.0206318078303693,0,0.0113701191035791,0.00963191628382278,0.00143405719341912,0.00260330566121294,0.0190697455914159,0.00224841166664321,0.000621105958533013,0.00246471080912053,0.00421071386773279,0.00222335487912332,0.000640200884304093,0.00133726236424993,0.00208538926014791,0.00399264901952513,0.00238648737950766,0.000859997065785022,0.0068774167920852,0.000650088717583122,0.00144429111251783,0.00086337119327622,0.00195593050946129,0.0748644931863968,0.164182453013377,0.0181429301721787,0.123999118592186,0.00212350402051626,0.00252467774597398,0.00152274652894366,0.00774621140434656,0.00264275113018072,0.00123233998484175,0.00156022203235159,0.0147345799690528,0.000668035223086355,0.00145780313837088,0.00214222987636324,0.00544626874308107,0.000694804976030222,7.52928586181142e-05,3.206448601476e-05,0,0.000329628206966756,0.000534182794107975,0.000308459308890958,0.000535020942818508,0.000244126843207291,0.012234143175275,0,0.0038415612428437,0.00132881662410595,0.000515360484343588,0.00104944944488994,0.00215747813631905,0.000925035947961253,0.000275488843209802,0.000953805402027695,0.0150492011177714,0.000646925688367628,0.000326440073242843,0.000736908180550582,0.00330617000442335,0.00356942072628459,0.00743653453027065,0.000437724499165151,0.00385351362123235,0.00125891871309906,0.00239552583123648,0.000488123267967974,0.00421158643920437,0,0.133563810805289,0.0265172269440305,0.108555956001305,0.00712522474496111,0.00600484969480564,0.0034019981835641,0.0425198335801053,0.0109976381306422,0.00517595643843961,0.00693291774597596,0.0173311029195015,0.00468558813452856,0.00501215227824178,0.00367413081246136,0.0137849874557629
"S8 (SBS8 - 0.92)",0.0183576027384943,0.023757727615726,0.00277843247893732,0.0240053050293855,0.0150183250784415,0.00794224384043976,0.00297970225963955,0.0141037157391213,0.0194903280574778,0.00703660617114036,0.00773433445574493,0.0206668960376765,0.007095459366033,0.00672290877963503,0.0102444172162836,0.0155168568672579,0.0157557947237215,0.0116146857294283,0.0117264027109663,0.0170671130414482,0.00526533413738321,0.00181478788031932,0.00620331639064435,0.00616150028015491,0.0232311623353695,0.0216891489662133,0.00203070631470436,0.0251376685678292,0.00632204656061906,0.00691010505501262,0.00218573464180474,0.00951687584028513,0.00712931840030895,0.00434594949914099,0.00305199399903033,0.0164964495826737,0.00925838921282032,0.0156433202860671,0.0138478472895145,0.023302594428204,0.0107596866156965,0.0219728513576168,0.0114854652927751,0.0162698211138292,0.00358557711857558,0.00398922084094928,0.00729832155849713,0.00642959172823131,0.0128627305027999,0.0115886791263106,0.00146507701544177,0.0144406834027053,0.00500040119121748,0.00489841489806961,0.000967353422323535,0.00690130360218594,0.00748031395039695,0.00467305578375307,0.00639561888103829,0.00985308270838374,0.00655854738400473,0.0063341410905284,0.00797182801361767,0.0132037450568249,0.013448021085136,0.0122192949860193,0.0102459779357037,0.0134896023664244,0.00150490340036112,0.00209906596337156,0.00611902683323209,0.0037819850702451,0.0154587416364784,0.012091507235612,0.000686811094607493,0.0198215038926012,0.0107888494768654,0.00793685839055517,0.00146813871817709,0.0149944561707168,0.00790431478237245,0.00667352280194426,0.0027846866893146,0.0132665190044427,0.013982466273444,0.0138610812841818,0.00792377235669887,0.021860513868748,0.0162524100884882,0.0223784161366543,0.0109235707595211,0.0195009753008649,0.00510063387554295,0.00408309654596076,0.00683483206276559,0.00896982465207752
"S9 (SBS9 - 0.94)",0.00880910577279164,0.00699678988170561,0.000477602207411133,0.00677304398340461,0.00507816023531914,0.00275361714177892,2.66313874721506e-05,0.00569429551306283,0.00832094016103731,0.00608176519422906,0.00201439604875689,0.007131339025613,0.0200024492304739,0.00691796903475883,0.007066839429701,0.0253820445487811,0.0260265760634173,0.0114940108027718,0.013245679603471,0.0249650394532253,0.0313576232633992,0.00665013161944223,0.00606731753077863,0.018775986634878,0.00941450095851595,0.00515376267636245,0.000133118340298535,0.0137895316865359,0.00179656961955017,0.00168214783548981,0,0.0028281958580399,0.00748890272991315,0.00888052873992165,0,0.011096303052089,0.00762657713886085,0.00362127316088681,0.00521401657619748,0.00687169199550212,0.0129999521181007,0.00906032552524236,0.0111109037164795,0.0168393870785814,0.019400260854687,0.00598034015992997,0.0121606845397611,0.0322445884030175,0.00700475383733039,0.00742678797595776,0,0.00397931429948058,0.00248414132467405,0.00299590769514906,0,0.0047006099658809,0.00652509330687345,0.00754101656635718,0.00743504167132341,0.0104195673266016,0.00733457349403864,0.00508596321681365,0.00325090121384918,0.00573881938092063,0.0144184910967215,0.0118250645250391,0.0103326792223187,0.0141088979361623,0.00759825919690367,0.00493561998483368,0.00513359199564267,0.0181432006655711,0.0274581762013305,0.00314391923898448,0.000917000289934611,0.0433289835100367,0.00179865677933166,0.00245633328655646,0,0.0052405999787465,0.00128878842139167,0.00825170834561137,0.0034789688963692,0.00844024009097563,0.0265341313506096,0.0038939639520772,0.011888764862343,0.0208935997342998,0.01981525590345,0.0178193143411297,0.0105986021474996,0.034500938347278,0.0428854383820584,0.00834149618840008,0.0105873429500254,0.0545165643714731
"S10 (SBS10a - 1.00)",0.0018904695553292,0.00273636696730572,0.000357172417119085,0.0190973788189197,0.000676940990640559,0.000256099017575545,7.27126553763827e-06,0.000302668132055369,0.00482114725606492,0.00538823204535763,0.0127773166041038,0.0086415776879495,0.00130816238301335,0.000682216890358217,0.000221161006634111,0.00684837982242642,0.00840403921273425,0.00459183258031941,0.0044762512672755,0.00775652332319281,0.00343211120553253,0.003519385867417,0.00201502926715122,0.0294752261270098,0.00494593194246809,0.00206120778836326,0.000644034938736251,0.0302326507223869,7.59568111400191e-06,6.80630970617162e-06,0,1.70494508046291e-05,0.000935486021166125,0.00188713474863844,0.00583604332419238,0.00339086440154736,0.0003223290620205,0.00066927784871101,0.000512789820229667,0.00165205220596441,0.00155309533039639,0.00199708946049191,0.00204399599623719,0.00264260000388955,0.00376158252180064,0.00165480105664763,0.00324323970688306,0.0216033648600558,0.00160611144645593,0.00220986056079785,0.000156497860287223,0.0131458672966752,0.00042958703879747,0.000270330473722886,4.54237211365623e-06,0.000321357136956073,0.00553203093814774,0.0144648500139731,0.0181933156593489,0.0164892888818662,0.000326407734175104,0.000615791755026863,0.000116064100772537,0.0010093560540911,0.0104106844669406,0.00928117059888641,0.00536368635912642,0.0150039504401367,0.00110230982837765,0.00168838785702563,0.000931724584869192,0.00545550445950639,0.0346426446863346,0.010019585738695,0.00133579655690059,0.317545420437768,0,2.44450854694521e-06,0,0,0.00402574993242997,0.0134726736128232,0.0572088340321806,0.0374587150061401,0.00197478713552688,0.00135633675722831,0.000968310678072765,0.00778702228819693,0.00755909290944418,0.00720091477357075,0.00494400177287152,0.0119279460573016,0.0106707061821219,0.00706647440485707,0.0028829975283859,0.114516884169052
"S11 (SBS10d - 0.98)",0.0101275635001126,0.00852169452713798,0.00104864937983271,0.0211137408447529,0.000391550176684544,0,0,0,0.00147725908830871,0,0,0.00672256585285686,0.00464596370760217,0.00726519292213296,0,0.0177531482537791,0.00786760946617819,0.00554135217704511,0.0129616066417964,0.0135215911816019,0.010605966456682,0.00191163000861472,0.00237777933134488,0.0121605703534813,0.013153923777119,0.0108591472763537,0.0015276085313453,0.0220823193733248,0,0,0,0,0,0.00255170086752218,0,0.00439413353656404,0.00243579808225296,0.00254910848790586,0.0023868892956325,0.00333284772814853,0,0.00271740672147843,0.00523480350163976,0.00728114440523128,0.0121531590149575,0.00232829010435555,0.0116959005759474,0.0142191605288419,0.00396605127033767,0.0050386925416096,0,0.014825021496118,0,0,0,0,0,0.00449638226843899,0,0.00577500672269182,0,0,0,0.00817924877733444,0,0.00275754646738907,0.00608534646437112,0.00323578783800623,0.00155810482517579,0.00219231433011472,0.0026284816162505,0.00511143114651617,0.246690114735117,0.0155532231672367,0.00892668757659574,0.253895110063716,0,0,0,0,0.000996022848370889,0.00521223280270027,0,0.000675549263666522,0.0109653537897935,0.0039053789962352,0,0.00456269164762154,0.00815038343173672,0.00985852421720475,0.00645566029949479,0.0130467261496381,0.0399549534927002,0.00283345418011517,0.00433588999696227,0.0312138518981751
"S12 (SBS11 - 0.99)",0.000223305321198339,4.21156918327846e-05,1.67423268925587e-05,0,0.000101725023064172,8.3960628029667e-05,2.460228413918e-05,0.000171879279699715,0.027171322713719,0.116410286301918,0.00138472425059305,0.0896236404155868,0.000269238921619845,0.000310249791981005,0.000170773309650918,4.67400731405119e-05,0.000587888658814546,0,0,0.000676671781863098,0,0,0,0,0,1.47392023566345e-05,0,0,6.77537380224671e-05,8.58506660098025e-05,6.81065141594696e-06,0.000118854536384898,0.0240346548994618,0.119157710478224,0.00185629508553251,0.0830278767624437,0.000122524391418752,9.06678564515371e-05,7.67776566188056e-05,0,0.00025396222537883,0.000196819687016427,6.37872927790339e-05,0,1.03478182552662e-05,0,0,0,7.28728477642968e-05,0,0,0,0,4.80949685580623e-05,1.18984519712963e-05,7.10897211245835e-05,0.0265389879152936,0.101483224033855,0.00220941054796058,0.071544593166386,0.000122677699711717,0.00016203574424414,0.00011196450227195,0.000155550209555683,0.000417411849998333,0,0,0,0,0,3.6570230613331e-05,0,0,0.000209897156442345,9.39533046052733e-06,0,0.000103840662799948,0.000164055954734751,1.76379646170293e-05,0.000272712812981237,0.0351529819234022,0.164599889974628,0.0040797104025496,0.124077647276075,0.000401885501033656,0.000167431061564683,8.32922991117213e-05,0.000539458449516956,0.000329022834923659,0.000213895441604633,0,0,5.78608479921078e-06,0,8.37772579329053e-05,0
"S13 (SBS13 - 0.99)",0.00273868952991924,0.00170480295957063,0.000281403846003396,0.0015034197145165,0.00592430061067878,0.00173223786827177,0.000506726869957138,0.00578522499332577,0,0,0.00401389968729882,0,0,0.00104262179633497,0.000730139188647142,0,0,0,0,0,0,0.000244919061824079,0.000628585898313943,0.000522733067333715,0,0,0,0,0.00689013448528104,0.00176757667804568,0.000653764292643966,0.00798727629047456,0.0018223193782047,0,0.0032060145760477,0,0.000795419864833463,0.000106960416537141,0.000844782122129948,0,0,0,0,0,0.000483952961737676,0.000663896875552255,0.000403310875465353,0,0.0021160476048556,0.00152550275497801,0.000315962448638788,0.00175059630111258,0.00240273183547536,0.00174486629567958,0.00026235276307213,0.00436154154261527,0.000930379384588548,0,0,0,8.3245151043452e-05,0.000572625579124293,0.000192964604345165,0,0,0.00123171560941567,0,0,0.000378708470906256,0.000324240215887064,0.000591622050900865,0.000640210511684965,0.0457214650743568,0.0185919586905529,0.00324379503091015,0.0236557396683565,0.327202823155118,0.0715368179154622,0.0153102649199178,0.355432537397261,0.0564971318269788,0,0.00735332405440038,0,0,0.00113069307253915,0.000505164553598996,0,0,0.000342058881588026,0,0,0.000418523332906322,0.000647275392780044,0,0
"S14 (SBS14 - 0.98)",0.000727391588334775,0.00417079410033554,0.00016860006859815,0.0278120705759892,0.000554679150968669,0.000184463961380876,8.33531912469334e-06,0.000207855030885639,0.0226094677080178,0.0214106097283205,0.0732715706821896,0.0246777829900902,0.00119375259135558,0.00113330034946697,0.00019777297877297,0.00662046620907325,0.0126197899994773,0.00646927212616958,0.00632170724145935,0.0062709984174627,0.000110037889999369,0.00184484617145703,0.000631224102440424,0.00810565915118602,0.00510662929547452,0.00673055776053175,0.000813801219859862,0.075745788769905,2.03518483866881e-05,3.47442413992181e-05,1.9009856545156e-06,3.89315114780869e-05,0.00314985100916628,0.0104039084647922,0.030169237469651,0.0114127827412763,0.000113356117298105,0.0014992721594767,0.000192082592367098,0.00143188262866558,0.00258065433248147,0.00480829543753706,0.00375308333320444,0.00286648370587253,0.000232455411714525,0.00109919271343356,0.000675570728831936,0.00582444641250999,0.00197396108196664,0.00796937353207952,0.000541734331648282,0.0479257388047588,0.000431926132645147,0.000266217779648431,1.33066658987685e-05,0.000282226447970608,0.0333837741306932,0.0581636167539524,0.102521867762354,0.0472584624151894,0.000178457446287434,0.0014427430432331,0.000183685726393374,0.00135253724556308,0.0249246589451125,0.0198923799941986,0.0134134757669641,0.0181278527020489,0.000305009196098408,0.00212061943097784,0.00129318044368473,0.00537642196673226,0.00168331864285442,0.0104953371503481,0.0001334671744337,0.0800989781052046,3.60852138348862e-05,2.71773968687377e-05,0,5.29870699792667e-05,0.00648485721987759,0.0194151982845973,0.0268084832106831,0.023451351316181,0.000692627271012469,0.0011662260901644,0.000119289947518833,0.00274023768969611,0.0073602385732415,0.00734620079366099,0.00512084799358599,0.00735900441759781,0.000152649970175566,0.00189194169675052,0.000391504954651859,0.0116010530474572
"S15 (SBS15 - 0.97)",0,0,0,0.000177376774706441,0,0,0,0,0.0362439773133918,0.0112962898143647,0.00765719268189363,0.00750327111797702,0.00416462265899225,0.0129779652490369,0,0.0166754361373116,0.0126686737638496,0.0117241661841603,0.00981653897111439,0.00240601915919184,0,0.000155336355390981,0,0.000300082000251174,0.00518093614125661,0.0128403463230384,0.00213138704511279,0.0290546229696702,0,0,0,0,0.00587216410012591,0.0109130167982542,0.00829093814202697,0.00703757354999861,0,0.00435670745441377,0,0,0.0104723533506526,0.0113758404407889,0.0143130841176004,0.00690717648884646,0.0003413167154163,0.00268738296726721,0.00305041555216237,0.00111513194118802,0,0.0111655556068303,0.00140274413538862,0.0197920091610156,0,0.00120182634773224,8.87003299665993e-05,0,0.0606504816431919,0.122934319800901,0.18911185234812,0.0835168600673391,0.000416211463584496,0.00866728271489257,0.000842207788184792,0,0.00926783484306595,0.0330888011830447,0.0123289212986333,0.0021670544196528,0.000204268074754122,0.00230923119840474,0.00386486450196695,0.0130944479312404,0,0.0027852814464778,0.000244875085562096,0.00516598801530585,0,0,0,0,0.0108090368327873,0.0145295097681581,0.00531791786680092,0.0148349061779249,0.00440543159318607,0.00281331992434435,0,0.00793795484419171,0.00357156162872799,0.027480931341571,0.00883851526961433,0.029149896492484,0,0.000543200146827142,0.00199718855034895,0.0137516678783252
"S16 (SBS17 - 0.99)",0.00367221136816801,0.00136688803083745,0,0.00190639631561146,0.00146427299182654,0.000922775642013137,0.000237223123144079,0.00227022614048699,0.00392645761126156,0.00177278412923032,0.00387084848924943,0.00218172142190538,0.00216321704822774,0.00170633964120221,0.00114309410864067,0.00636306014669725,0.00475433491019242,0.00381061596925332,0.00317876912987722,0.00608789177993696,0.0033332261834605,0.00410796720712699,0.00213270852124766,0.0455564696675676,0.00270591996617124,0,0,0.00141832537102641,0.0010456116240649,0.000690900369964625,6.0337416832919e-05,0.00155935887142501,0.00314966526808615,0.0025929273530362,0.0025455110133325,0.00298252841017613,0.00252969861387686,0.010050138154999,0.00342841802913713,0.0288713681155232,0.00743974669805322,0.0338620641898331,0.0214787207466569,0.10270962618757,0.00327079839023072,0.0182330150398623,0.00873984333628759,0.2770970774818,0.00389093174935144,0.00145797172928345,0.000105225552287566,0.00279563184982049,0.000669993457697009,0.00108806911723223,7.55173138369358e-05,0.00116125805076809,0.00228502305541,0.00219050038610127,0.00421533303767379,0.0021782455048812,0.000354994770866737,0.00252859995320929,0.00114794095448981,0.00642595041602391,0.00307493952596214,0.00738330456292583,0.00596335496415923,0.0104690935288995,0.001337735110165,0.004449070652549,0.00282081628619753,0.0656988348527994,0.00409046153427899,0.00226656185044336,0.000429265501471085,0.0069170551693721,0.00567592324728772,0.00206426467456106,0.000379902984266259,0.0083874012385407,0.00856860320702537,0.00517097214751616,0.00240728349511079,0.00744633283544265,0.00791355921661745,0.00303836635483871,0.00135009108461654,0.0132886728967189,0.00770738612126475,0.00941152956999231,0.00570269546777991,0.0153407647768017,0.00577355015939428,0.006666774148933,0.00438510031247871,0.0874580453975464
"S17 (SBS18 - 0.97)",0.0404289531006481,0.0169910709994867,0.00119360913575532,0.0271020943685655,0.00527348864205092,0.00466463579148789,0.00138111089084711,0.010762243932713,0.00965007902699336,0.00392909969757275,0.00325629772691477,0.00852573094206293,0.0102130035443129,0.00482867493631974,0.00122778429682672,0.0169625375293367,0.00499552346639446,0.00709453162424818,0,0.0140819203310864,0.00115834658643877,0,0.000853738712113036,0,0.0450783451385877,0.0136688842212273,0.0014858155406202,0.0331783288765325,0.00709842321033866,0.00500218261693674,0.00204142194658803,0.00404730014674636,0.00689465278500941,0.0140540602267681,0.0237403150324496,0.0172196076109434,0,0.000276534314090111,0.00486836375030911,0.00952760669290151,0.00335784703488142,0.00594789252364462,0.00216514672785973,0.00841178896639502,0,0,0.00196284839751904,0.00408386051164199,0.093459792350147,0.0164079448452292,0.00448896820028282,0.0411911170435727,0.00461419033763266,0.00747729016128387,0.000832762977566341,0.00467669750789091,0.00980436835369166,0.0110803651505339,0.0116057222857095,0.0125105156603668,0.00246427052281176,0.00197927051019742,0,0.00628259876448037,0.00278822348185814,0.00693913189722851,0.00267198068800909,0.0116437627319858,0.00199891216559621,0.000636027124822065,0.00529231370479919,0.00398064527752485,0.0698555506614927,0.0365216854193204,0.00328071981173373,0.0941582259420895,0.000351884653682278,0.00338823879527904,0.00146318771192533,0.0156738351996232,0.00773831270584107,0.00468742452851358,0.0132247000498316,0.00455664526742288,0.0127618406759511,0.00185294273310802,0,0.0135726945745606,0.00407132564816719,0.0101031580116552,0.00599751523175181,0.00735467811254383,0.00231215856282784,0.000364646933633842,0.00314931380846932,0.0100467416631894
"S18 (SBS19 - 0.95)",0,0.000227030695688594,0,0.000384777304618589,0,0.000481920554815499,0,0.00151358691877836,0.017806646371671,0.00866446745697237,0.00380551319906953,0.0263390864732836,0.0256846382091542,0.0066293893360133,0.0134127130061278,0.0126376135392007,0.00393533402116201,0.0072232451492426,0.0117413036937194,0.0176894143008643,0.00272655644526655,0.000447585224194834,0.00208994463873791,0,0,0.000138307082835773,0,0.00299665335525263,0,0,0,0.00108929989613238,0.074933962465361,0.056250186758239,0.0124794888624517,0.182989786340021,0.0108577976160438,0.0105913423855701,0.00467249796982807,0.0162802618436945,0.00338803640108759,0.00869464704309976,0.000757649217593541,0.0172467343480835,0.00224980318070491,0.000657492716259882,0,0,0,0,0,0,0,0.00267709157230821,0.000235348383781091,0.000289305022504697,0.0419056922251407,0.0304564329883561,0.0037517965220391,0.0796226827210437,0.00478406401426195,0.00136767767789158,0.00293977050543063,0.00455408545054475,0.0145220941326748,0.0120750224315526,0.00974261766747082,0.0424153629501809,0.000545249729826639,0.000754984066049184,8.74963126902934e-05,0,0,0,0,0,0,0,0,0,0.0231815434752786,0.0125275232997005,0.00299189109753987,0.0382591379555373,0.0175513365665051,0.00937159641954743,0.00581020197235259,0.014371824329089,0.00256147601181757,0.0148489948517512,0.0028354760702388,0.0312350880522498,0.000633114425585002,0.000998058523756206,0.000381248554463485,0
"S19 (SBS20 - 0.98)",0.000765381072088558,0.00337225495203224,0.000260422616476866,0.0252497608171007,7.84653384889166e-06,0.000252009313043604,2.43019517174034e-05,0.000488526544291963,0.047776975060447,0.0303499849208888,0.0197408302204404,0.028228500728117,0.00199182987738168,0.00684078210210098,0.000997842601539577,0.0180229341872438,0.0149192708849628,0.00991031968802544,0.0226880887728644,0.0124732402655531,0,0.00153341052370297,0.00102382572976589,0.0103792974697455,0.018024033752311,0.0217541231849836,0.0033150580011256,0.158428485556325,0,5.30026938222179e-05,9.77228149811913e-05,3.34113504156644e-05,0.0128130665349399,0.022342089290029,0.00795516880615036,0.0214042868094518,0.000415986522609029,0.00405452970435428,0.00101636200870664,0.00349478798182668,0.0149330165601072,0.01596847477181,0.0287370751756838,0.0185854423502613,0.000725558501500288,0.00287551372917053,0.00346312401500868,0.012791908312102,0.00200732999892026,0.00675622026045554,0.000621953328201762,0.0362706711764646,0.000191789952209235,0.000677835567701816,4.03378926251814e-05,0.000365925772068966,0.0414134036795141,0.048368835458644,0.0198532955666342,0.0345377401109356,0.00130533272577901,0.00587347066666475,0.00134633559702849,0.00475157238943984,0.00621387924313534,0.0044023399774071,0.0148034336540611,0.00842401737659757,0.000375040894894521,0.0012835620191473,0.00135182994226505,0.0119842499923824,0,0.00723436750841753,4.54334055513334e-05,0.0299138999507483,0,2.45080230089893e-05,0,0,0.00654903168989611,0.0086905013916793,0,0.00489316883531631,0.00190740299615829,0.00199713667811071,0.000492446599827553,0.00361960539326617,0.0116010992926659,0.0103053510826045,0.0130088789491088,0.0157130303586155,0,0,0.000203869340791938,0
"S20 (SBS22 - 0.99)",0.00585623682830151,2.35382655333662e-05,0,0,5.63922710203017e-05,8.2203827892417e-05,3.20517891694138e-05,0,0,0,0.00180873518232513,0,0.0604859631645761,0,0.064280581665739,0.015398294833041,0.0214591460603646,0.00127965182017536,0.00709032130709503,0,0.00565675200441699,0.00134256230998789,0.00492598640408883,0.000730937850485486,0.00484378099383805,0.00218605670184692,0,0,0.00105106982449923,0.00119053203299792,0,0.00070528679443498,0,0.00117926144095039,0.00193261576732123,0,0.135133075757749,0.052560376595696,0.157845948025848,0.0581461739067446,0,0.000768606109713021,0,0.00299942243797567,0.00468228531110981,0.00201110361566811,0.00553148897762617,0,0.00248672321116167,0.00239202799092301,0,0.00270196898295955,0.000559965060356032,0,0.00024504823213849,0,0,0,0,0,0.0538577084873113,0.00781313732916539,0.0311304793203362,0.00842290088029026,0,0,0,0,0.0025117329059529,0.000511810044405879,0.00212441733999418,0.000830848058480311,0.000984913278427935,0.00138787267770768,0,0,0,0.00112461913905209,0,0,0,0,0,0,0.100514721380093,0.0243934086025847,0.0724787904006574,0.0432082321873909,0,0,0,0,0.00557023771500863,0.00120007949032309,0.00551717884794363,0.00475473855910415
"S21 (SBS23 - 0.94)",0,0,0,5.973870407804e-05,0.0015781305606581,0,0,0.00463600190706692,0.0241478120039478,0.0281559411531435,0,0.0375945721936452,0,0.00436301738374331,0,0,0.00242601434612667,0,0,0.013358250814657,0,0,0.00108887442232792,0,0.00368461413102606,0.0109627856554401,0.00628699247484527,0.00612297914820745,0,0.00406267110259874,0.000173702807168739,0,0.0755243576803671,0.109754404461425,0.00360466189194648,0.159770352089073,0.00328613737221881,0.00689135820647089,0,0,0,0.00143055621019518,0.00281703575966981,0,0,0,0,0,0,0,0,0.00674109789126684,0,0,0,0,0.0374488526722882,0.116175196315591,0.0241664526430793,0.157784721792456,0,0,0,0,0.000898458762103288,0,0.00510334355024298,0.0121707800523532,0,0.00134641689574682,0.00372101295028516,0.00454464831924241,0,0.00683731725451492,0,0.00352631589869175,0,0,0,0.00922317198605855,0.0151127522521853,0.0430772857862249,0.00236574317642685,0.0217370600103547,0,0.00342665803774692,0.00540996822074334,0,0.00251458482506785,0,0.0047110009309035,0,0.0001761972963793,0,0,0
"S22 (SBS26 - 0.94)",0,0,0,0,0,0,0,0,0.00535846462301687,0,0.0116582074380676,0.00526386852728167,0.00146838134253977,0.000592923780427746,0,2.3143857831976e-06,0.10394548206705,0.0296795936262561,0.0526255673254246,0.0400478860601541,0,0.00117758456215174,0,0.00103994841669191,0.00194315331590664,0.00940084215115905,0,7.81698719526975e-05,0,0.000161634751186337,0,0,0,0,0,0.00213512797173859,0.000715507205673644,0.0066296136229417,0.00140593252817443,0.00251724252082296,0.0992095434967986,0.0436978691450913,0.0858008242282402,0.058105562788086,0.00175435316591007,0.00642555550617189,0.00422893093565909,0.0033640133189099,0,0,0,0,0,0,0.000112214655522096,0,9.31562407885267e-05,0.00433625940723682,0.00939975038018399,0.00555792530313687,0,0,0,0,0.086033037822465,0.0242159516925623,0.0437121571001693,0.042048478917755,0,0.00184317540429864,0.00117709831994022,0.000348985756307831,0.0014948276342725,0,0,0,0,0,0,0,0,0.000983379841826496,0,0,0.00290545119548001,0.00105285426474655,0,0.000666312936941992,0.0860484581945616,0.0262736717811813,0.0314625972635997,0.044686564215896,0.000266317414349529,0.000712073229597059,0.000695914512216778,0.00343928783569502
"S23 (SBS28 - 0.96)",0,0.000151199927486593,0,0.000325022060785544,0,0.000190412662692549,0,4.51070752185884e-05,0,0.00195750869953176,0,0.00135791906481873,0,0.000793451953441438,0,0.00245148564143104,0.0251623983622532,0.0139310625116259,0.0149409155350299,0.0261296043655724,0.0121128291226688,0.0159390753996189,0.00820223454931793,0.112216482833106,0.000743758015878435,0.00104142627331903,0,0,0,0,0,6.87495661871059e-05,0.00160071490908541,0.00152311878492547,0,0.00302519966793867,0.000276478273409125,0.000974307802740895,0.000264251536514761,0.0013151843962559,0.00484540178862393,0.00683679765302735,0.00399858808705898,0.00841366253894844,0.0155229051518563,0.00850557135889174,0.0134749351794696,0.0852720101265838,0.000136876410638913,0.00138129953345163,4.15029943396783e-05,0.0022341211274951,0,0.000365848041228438,2.94718702749112e-06,3.64973693268721e-05,0,0.00103314275935229,0,0.00582554762346862,0,0.000580051331414779,0,0.000582056880202434,0.0249811607755507,0.0262885054766385,0.0169942383761361,0.0423174127109598,0.0061286417006477,0.0100101169055544,0.0060608417738373,0.0291358218195053,0.000424093603983014,0,0,0,0,9.80466421882506e-05,0,0,0.00282356497599004,0.00169284655104425,0.00806478648895753,0,0.0012268396504189,0.000785817825832005,0,0.00104560411090201,0.0169686355849927,0.0168350672390416,0.0108804955314573,0.0299976523517558,0.0246027491301045,0.0214026208415872,0.00770269953642402,0.28770207826323
"S24 (SBS31 - 0.98)",0.00475238190414695,0.0205930162098683,0.000137819617736481,0.00581357247791009,0.00225185158533029,0.00432809361216338,0,0.00374442187749035,0.0015558682293425,0.00342990357978037,0,0.00440359945404029,0.00959084742860913,0.00317601692000425,0.000162155254328906,0.000130939191252248,0.00365559089486929,0.00270080248220919,0.00234633846787723,0.00471360958762931,0.00296023222964962,0.000961180395996014,0.0028844686352512,0.00261488261473725,0.0182618311887813,0.0184086788851961,0,0.0663621048310734,0.00108160762231801,0.0029097966697144,0.000215582094331135,0.00754410445081252,0.0137555927085485,0.199628334496744,0.00566401529501429,0.131735569503772,0.0240697317421895,0.0276996646917238,0.0293866799179977,0.055335472439894,0.00542474170621756,0.0109327017186245,0.00230950221734323,0.0211600130873407,0.00287288682301244,0.000611953270158324,0.00516038862161565,0,0.0114424980834011,0.0332106096844237,0.000227189715914925,0.00470348493086729,0.00223583457784933,0.024835951280253,0,0.00584708078606376,0.00199575341069721,0.020832117475809,0,0.00314306892445419,0.00299929734176345,0.00302234659765988,0.0023710749258191,0.00249160657605414,0.00305178065209219,0.0201729974890548,0.00146358120561263,0.00381776686358789,0.00131562194298917,0.00340565873166596,0.00202197930444069,0.00033906431268556,0.0065110015844833,0.0096545286710847,2.88936646625606e-06,0,0.00303762482922147,0.00236824307433509,0.000354127768437688,0.00637085458235543,0.00400481639615093,0.0184793357875744,0,0.0122201149088343,0.00423344739672052,0.00273088649346844,0.00180851458944764,0.0061370987425894,0.00484938921334371,0.0049343043704535,1.60883064616118e-05,0.00474602713131419,0.00445614708613769,0,0.00637933901958364,0.00432030923573148
"S25 (SBS32 - 0.94)",0.0245286085192264,0.00912075223407283,0.00260034823809797,0.0103480140661412,3.84885946927011e-05,0.000853884121865291,0.000526559935475282,0,0.0965263826839668,0.100610132592244,0.00541652230954775,0.187230459802164,0,0,0,0.000864193868395803,0.000901073120944563,0,5.01295259263746e-05,0.000575545132871069,0.000636685068221068,8.65517204194498e-05,0.00216965919317106,0.000694931325575141,0.00665148343320371,0.00244829133802497,0.000663486172750482,0,0.000551943650248733,0.001172999318159,0.000252625269475143,0.000717047711782582,0.0287248619160148,0.0567686349824797,0,0.0920880694909192,0.000102062493583878,0,0.000694164785539796,0,0,0,0.000149902587345733,0.00140839625498248,0.000397224052619125,0.000242521221954927,0.00359558867472924,0.00186353013482896,0.00394585087159566,0.00179480458593579,0.000550946812282276,0.00226420499106278,0.000584487785813016,0.000667697602775297,7.77766779073389e-05,0.000476307770114518,0.0266678664939298,0.0377341958290088,0,0.0859342498347112,0.00197211540272268,0.00061866841106598,0.0036947935993682,0,0.000692939890120798,0.00121375639812253,0.00323109897155491,0.000855484281552963,0.000424833920697796,0.000191932971333653,0.00306519046968026,0.000176975927552794,0.00809510950181412,0.00540771422616154,0.000915954349934962,0.00735302817147963,0.00104844953190856,0.000700006586230799,0.000327902340527732,0.00229603886120167,0.0250295018638114,0.0086108585091036,0,0.109077593140691,0,0.000101622122195336,0.000696861198796961,0.00370538881597639,0.00122265494374682,0,0.000425075488800153,0.000676129464843172,0.000894195966255114,0.000728555202803713,0.0028327557759976,0.000746668897149336
"S26 (SBS44 - 0.97)",0,0,0,0.00193055517266884,0,0,0,0.00128468374170703,0.055539717255911,0.016930299872103,0.040367563813197,0.0215226856801113,0.00791696879221622,0.00439252731011197,0.000948357583952378,0.0297105188558689,0.0290053278200275,0.0080587391070619,0.0334674647953887,0.0096136039419559,6.36960933778923e-05,0.000913775072354888,0,0.00214462101600714,0.00875340293046399,0.0199741894255763,0.00471531452795842,0.0598442014721993,0,0,0,0,0.00865623289815373,0.0105337958914402,0.0246478314517534,0.00932601554713204,0.000269505859363183,0.00153697974478611,0,0,0.0204988519152958,0.00750178848090318,0.0339137247097635,0.0141499891035539,2.1480785895561e-05,0.00294925436549759,0.00268267765826546,0.00608368433787813,0,0.00115534774785286,0.000427807423531555,0.00518961486846,0,0.000145288460063975,0,0,0.0660570895742895,0.0557009131318459,0.0494470869285015,0.0473140298872012,0.00209986639612854,0.00215308391183772,0.00159978392827583,0.00197377152607045,0.0361681119656071,0.00907502343925757,0.0219027107520656,0.0209310286465848,0,0.000330680847196793,0,0.00261469956046586,0,0.000529731965622507,0,0.00907803033861058,0.00011139090301269,0,0,0,0.00760750088093322,0.00764984141015069,0.0122474967243662,0.00677340783877567,0.0114825006629811,0.000520991771538595,0.00103005357057487,0.0143610318057758,0.0304348900395886,0.0151996704655754,0.0243366116276327,0.0266887360338964,0,3.33907888275832e-05,0.000944975892987356,0.00681378125401173
"S27 (SBS88 - 0.92)",0.0203530315748368,0.00886849542153145,0.00181592109239184,0.0113063611810041,0.00348060068375933,0,0.000534731424970668,0,0.0146657854060465,0.00823899199783337,0.00636479206143502,0.01219058440804,0.0255659075330793,0.0172179590344403,0.00509356028166699,0.0322029769446738,0.0548501066635675,0.0235568453564685,0.0123375493292327,0.0893400044657255,0.00467158724653148,0.00154434597297934,0.00323184695109034,0.00371478755496761,0.045438693679156,0.00789494011965976,0.00270727387126042,0.0131233410853778,0.000159601506534258,0.00111675161263609,9.75175202311001e-05,0.00053662229005958,0.0124424668188257,0.00589764900652076,0.0116216899388124,0.0128919212308433,0.00137691797329022,0.00163862489058369,0.000268540121150564,0.00496088012229528,0.00620288746269526,0.00250065694052115,0.00439448027937304,0.00445239476756919,0.00230480335690995,0.000717407579142026,0.00261176026675047,0,0.0253273193704073,0.0067395069553193,0.00179318017351413,0.0157498692597492,0.000808404019234554,0,0,0.00272405579361995,0.00820208320425239,0.00470734114494332,0.00161023845233137,0.00870911620350283,0.0040708107610416,0.0038364946392596,0.00329827444988405,0.0105122469262348,0.00785143148069381,0.0031086989353153,0.00571847438088754,0.0170554309830845,0.00330201530624842,0.00161285348052303,0.00141043439636245,0.0047057667818632,0.0192308480612958,0.012599248995973,0.00242461541995146,0.031739378743244,0.00456676521145587,0.00352782619671962,0.000494882158213206,0.00914824990353149,0.0193639117104945,0.0137347598243118,0.00372368718931662,0.0187917648271613,0.0182492651313114,0.00818960652120355,0.00261542470694076,0.0376988385194578,0.016306169230429,0.00470555885443141,0.00512876100220395,0.0594469347684916,0.00977914234260174,0.00539292375809913,0.00162419717781778,0.0421585976206
"S28 (SBS92 - 0.95)",0.0228417860859159,0.00342579070553957,0.00503281314964311,0.0065252401035957,0.0173753285932002,0.00425517646576106,0.00414684924048791,0.0126008358237689,0.0232370008080015,0.00682693747723999,0.00451748958441184,0.0131487152001352,0.012853103595943,0,0.0108658955149165,0.0136177045181748,0.0637823868225388,0.00841209899530695,0.0379375978751926,0.0293741423080142,0.00374031325421617,0.000273669384677179,0.00321211026087001,0.00415274318299034,0.0109038243595514,0.0030041707332692,0,0.00588371186541415,0.0131208921470319,0.00695423797386153,0.00334739282366851,0.0126530857825,0.00659407084841718,0.00857547025202587,0,0.0111005823038081,0.0124817321240945,0.00348849463036573,0.0159231731233793,0.0111782713654181,0.0295723786221487,0.00884926516828471,0.0223322224053548,0.0205516326353921,0.00263862643774629,0.00300810564292109,0.00385745667742379,0,0.0152602074903543,0.00375536376943795,0.00251983841400944,0.00537412386559747,0.00894152631431427,0.00293972305340761,0.00251833028058545,0.00615801802715541,0.0164423593327274,0.00437351758212821,0,0.0113494276824228,0.0104447966950906,0.00189461728094073,0.0106578575587747,0.00592276786670493,0.0263658409612828,0.00146853407647097,0.0178818548541265,0.0148583697594555,0.0017628906325415,0.000217582429805243,0.00291153918529948,0.00273695171705435,0.0201847551966415,0.0207287378949482,0.00451366310341762,0.0164656666652204,0.00840797750159222,0.0135767944961106,0.00284477251515101,0.0145069310641234,0.0178247351739425,0.00760694776281127,0.00108183995870979,0.0193378517199417,0.012938671434343,0.00469577451939327,0.0087926243380278,0.019721114155474,0.0290118006509976,0.00796888859480297,0.0164364292960431,0.0191572828802737,0.00790593245600467,0.00326822207174833,0.00791150762950043,0.0101805132184747
"S29 (SBS97 - 0.95)",0,0,0,0,0.00140946712039994,0,0,0,0,0,0,0,0.00149338323525909,0.0145009019584987,0,0,0.0206624326792705,0.0291204371619327,0.00862036293891715,0.00789006619686947,0,0.00368411031979182,0,0.0119144829085568,0,0,0,0.00342645889860173,0,0,0,0,0,0,0,0.000307016169220027,0,0.00503421482875482,0,0.00112452025514459,0,0.0159916088899957,0.00462460220706629,0.00414936291165202,0.00192555961176874,0.0111869003341407,0.01456489697165,0.0326882220746794,0,0,0,0.0302460209596323,0,0,0.000184492440771194,0,0.0127233356498595,0.0762709323461436,0.174953201660301,0.0507487224395833,0,0,0,0,0.0367494294925891,0.101884037633078,0.0367231054298891,0.025540529170139,0.00203868039587683,0.0184104856973677,0.0198690199840327,0.115956446671403,0,0.00115618652136801,0,0,0,0,0,0,0.00304711912285187,0.00357438915682483,0,0,0.00454389023543622,0.00405532548880182,0,0,0,0.0680778315118469,0,0.000827790991339601,0,0.00301205691946573,0.00238974912204462,0.0126982132871838
