,seed,average R^2,average MSE,R^2 max name,R^2 max value,R^2 min name,R^2 min value,MSE max name,MSE max value,MSE min name,MSE min value
0,70769,0.6070088826018398,2620607.416183239,S10 (SBS10a - 1.00),0.9988891700394884,S23 (SBS28 - 0.96),-0.4613818447661715,S14 (SBS14 - 0.98),16468115.164271172,S21 (SBS23 - 0.94),103722.75496521736
1,80764,0.07863465484227979,7844852.4956320645,S6 (SBS7a - 1.00),0.9977257888520322,S21 (SBS23 - 0.94),-9.170610320474223,S19 (SBS20 - 0.98),50854543.21324062,S13 (SBS13 - 0.99),165051.2735942667
2,42034,0.546640000780332,6013074.757063631,S10 (SBS10a - 1.00),0.9986055709629278,S5 (SBS5 - 0.98),-1.6196855025839567,S19 (SBS20 - 0.98),32927617.14672584,S24 (SBS31 - 0.98),128050.4834104686
3,70780,0.5092169086408894,2887255.161104927,S10 (SBS10a - 1.00),0.9985227094428711,S19 (SBS20 - 0.98),-1.8009128500408842,S14 (SBS14 - 0.98),14011210.641584434,S13 (SBS13 - 0.99),147896.0598198353
4,70932,0.2478934995628741,4979323.247791706,S10 (SBS10a - 1.00),0.9983669329980507,S21 (SBS23 - 0.94),-7.802879436413983,S14 (SBS14 - 0.98),33477883.29583175,S13 (SBS13 - 0.99),105259.27349110086
5,33905,0.47067769671667076,4458553.390407275,S10 (SBS10a - 1.00),0.9982286679605591,S5 (SBS5 - 0.98),-1.4634924815491352,S14 (SBS14 - 0.98),20636198.634545647,S18 (SBS19 - 0.95),132788.8551861273
6,49923,0.5960735875435342,4423960.3652221095,S10 (SBS10a - 1.00),0.9986654320281306,S8 (SBS8 - 0.92),-0.11062537719289645,S14 (SBS14 - 0.98),21529965.268998474,S24 (SBS31 - 0.98),139748.9710810295
7,58585,0.4902131582187253,7970957.579483801,S10 (SBS10a - 1.00),0.9992048359367443,S21 (SBS23 - 0.94),-0.5348304779497182,S14 (SBS14 - 0.98),67321136.66847806,S24 (SBS31 - 0.98),177724.7988434147
8,14826,0.10829318792765691,5577618.753228271,S10 (SBS10a - 1.00),0.9975992440468422,S12 (SBS11 - 0.99),-5.439345441748775,S14 (SBS14 - 0.98),52338398.52642736,S24 (SBS31 - 0.98),141202.80370046
9,28886,0.4275608964494294,7498872.2956315335,S10 (SBS10a - 1.00),0.9982004979145319,S17 (SBS18 - 0.97),-1.2748253895346848,S14 (SBS14 - 0.98),49481026.7563126,S21 (SBS23 - 0.94),199060.36792339286
10,19284,0.2455178172471622,6723044.612245459,S10 (SBS10a - 1.00),0.9970302777284937,S25 (SBS32 - 0.94),-4.17391887562947,S19 (SBS20 - 0.98),32376155.758889273,S13 (SBS13 - 0.99),179581.42666910458
11,27055,0.017690305740856695,3580444.044593673,S10 (SBS10a - 1.00),0.9990799352730142,S19 (SBS20 - 0.98),-8.564633920640954,S19 (SBS20 - 0.98),22989911.792770874,S18 (SBS19 - 0.95),80826.39099661415
12,43039,0.2468145068913963,3969090.958596124,S6 (SBS7a - 1.00),0.9973312779414144,S11 (SBS10d - 0.98),-8.237124581504768,S14 (SBS14 - 0.98),19958533.711015057,S21 (SBS23 - 0.94),86263.45930281901
13,48887,0.461555873601955,6421469.314998742,S10 (SBS10a - 1.00),0.998379444260744,S23 (SBS28 - 0.96),-3.560067482193171,S14 (SBS14 - 0.98),27998296.963516872,S21 (SBS23 - 0.94),162418.47422433682
14,87576,0.21060397546462056,6292620.356328081,S10 (SBS10a - 1.00),0.9971212670118897,S25 (SBS32 - 0.94),-6.8781058288439665,S14 (SBS14 - 0.98),35239576.46155135,S13 (SBS13 - 0.99),140584.5745501438
15,31065,0.518948415404314,4551099.734441847,S10 (SBS10a - 1.00),0.9992879852936589,S21 (SBS23 - 0.94),-0.6811133437648136,S14 (SBS14 - 0.98),31933664.15698807,S18 (SBS19 - 0.95),125379.2741915304
16,68095,0.38749274905977305,6993870.933337078,S10 (SBS10a - 1.00),0.997855423648621,S23 (SBS28 - 0.96),-1.8682449796808807,S14 (SBS14 - 0.98),47494868.737683274,S18 (SBS19 - 0.95),96888.49568865768
17,52304,0.3294165112640374,5905011.0566972485,S10 (SBS10a - 1.00),0.9986058127241814,S21 (SBS23 - 0.94),-4.252322365036515,S19 (SBS20 - 0.98),32592488.660737574,S18 (SBS19 - 0.95),146846.7228046869
18,98539,0.4550140416169279,8879408.593039596,S10 (SBS10a - 1.00),0.9959572308499794,S3 (SBS3 - 0.97),-0.9516943508966011,S14 (SBS14 - 0.98),45416686.73728188,S18 (SBS19 - 0.95),154817.1136426615
19,72470,0.45029367716132396,7360419.863963634,S10 (SBS10a - 1.00),0.9970431375634343,S29 (SBS97 - 0.95),-2.730012575554082,S19 (SBS20 - 0.98),38392157.774113104,S18 (SBS19 - 0.95),165465.5493626945
20,73226,0.49950348342336826,5874678.78492358,S10 (SBS10a - 1.00),0.9989280369723854,S22 (SBS26 - 0.94),-1.588155998100742,S14 (SBS14 - 0.98),38863404.820532925,S18 (SBS19 - 0.95),145013.32603556028
21,27199,0.44589737522108935,6622262.709962749,S10 (SBS10a - 1.00),0.9986557997045192,S29 (SBS97 - 0.95),-1.0565181817643587,S14 (SBS14 - 0.98),46595404.33462906,S13 (SBS13 - 0.99),151003.2973825944
22,67329,0.4600230503032321,7663457.143185088,S10 (SBS10a - 1.00),0.9979673199712605,S3 (SBS3 - 0.97),-1.3657039981949826,S19 (SBS20 - 0.98),32911618.141302038,S13 (SBS13 - 0.99),168977.89058504964
23,26624,0.11342374822855719,5862952.960697494,S10 (SBS10a - 1.00),0.9982015966043029,S19 (SBS20 - 0.98),-6.530041224024621,S14 (SBS14 - 0.98),37332174.274853535,S21 (SBS23 - 0.94),160437.73671388152
24,57010,0.6481411311434301,2534133.025878806,S10 (SBS10a - 1.00),0.9989208331526258,S24 (SBS31 - 0.98),-0.3493842512760732,S14 (SBS14 - 0.98),12336295.851681583,S18 (SBS19 - 0.95),110503.81770708975
25,72786,0.32295488360608204,4306464.362201208,S10 (SBS10a - 1.00),0.9988172379543762,S23 (SBS28 - 0.96),-7.841907881653002,S14 (SBS14 - 0.98),31682573.55288878,S13 (SBS13 - 0.99),144664.94141480853
26,23762,0.6629034456039754,4000325.6198700713,S10 (SBS10a - 1.00),0.9985397236273407,S24 (SBS31 - 0.98),0.011899214871459285,S14 (SBS14 - 0.98),19964811.193977125,S24 (SBS31 - 0.98),164450.98323357987
27,21797,0.07089171792619613,7450967.596480499,S6 (SBS7a - 1.00),0.996540153744765,S23 (SBS28 - 0.96),-9.940561624402836,S14 (SBS14 - 0.98),48932563.25985357,S13 (SBS13 - 0.99),139687.60570401425
28,91183,0.5919038816782879,6686325.144163204,S10 (SBS10a - 1.00),0.9990300340812955,S3 (SBS3 - 0.97),-0.31672223507693475,S14 (SBS14 - 0.98),47047939.55347882,S24 (SBS31 - 0.98),157715.305541556
29,7823,0.5405064813756647,4977048.939451597,S10 (SBS10a - 1.00),0.9973698923883899,S12 (SBS11 - 0.99),-0.9205691166377272,S14 (SBS14 - 0.98),30159542.34137767,S18 (SBS19 - 0.95),144248.4331540662
30,18788,0.426930960550037,3610793.433733309,S10 (SBS10a - 1.00),0.9985658319198875,S25 (SBS32 - 0.94),-1.7368947519779865,S19 (SBS20 - 0.98),15838911.147323946,S18 (SBS19 - 0.95),169817.60570544834
31,99129,0.6268366373235684,5449315.223798823,S10 (SBS10a - 1.00),0.9983808462008776,S17 (SBS18 - 0.97),-1.2131513311128614,S19 (SBS20 - 0.98),31149176.885750145,S18 (SBS19 - 0.95),183571.9982435321
32,24869,0.593171161619894,5239753.234237652,S10 (SBS10a - 1.00),0.9991857407841245,S18 (SBS19 - 0.95),-1.0197403587825278,S14 (SBS14 - 0.98),37178081.480701104,S18 (SBS19 - 0.95),155617.3162450947
33,92200,0.6003266954653154,5280186.280353962,S10 (SBS10a - 1.00),0.9981444569774053,S21 (SBS23 - 0.94),-0.3552772775181603,S19 (SBS20 - 0.98),27176789.325892426,S13 (SBS13 - 0.99),129382.07484566771
34,67111,0.32029657684835117,4503637.433844376,S10 (SBS10a - 1.00),0.9990145109568451,S25 (SBS32 - 0.94),-9.242951107794013,S19 (SBS20 - 0.98),25785852.982102934,S13 (SBS13 - 0.99),159501.35912564074
35,43599,0.5147979706635635,8309925.510123063,S10 (SBS10a - 1.00),0.9987380616149728,S5 (SBS5 - 0.98),-1.0285952290235487,S14 (SBS14 - 0.98),41448261.27716057,S13 (SBS13 - 0.99),186343.11356769555
36,6132,0.5563977232780322,4258160.221142075,S10 (SBS10a - 1.00),0.9988108167524761,S21 (SBS23 - 0.94),-1.026634241147251,S14 (SBS14 - 0.98),25355891.323741674,S18 (SBS19 - 0.95),81972.3046643797
37,77741,0.38711033041211457,11535394.515343772,S10 (SBS10a - 1.00),0.9988061133123224,S5 (SBS5 - 0.98),-1.3894974141411063,S19 (SBS20 - 0.98),53213603.320069484,S24 (SBS31 - 0.98),244436.798967903
38,28998,0.45127147970214876,7341653.321764986,S10 (SBS10a - 1.00),0.9956783610006644,S25 (SBS32 - 0.94),-1.9766527998891177,S19 (SBS20 - 0.98),38887755.735683106,S13 (SBS13 - 0.99),161424.6377479281
39,10231,0.550288485594551,2995826.7216999154,S10 (SBS10a - 1.00),0.9975943876778997,S23 (SBS28 - 0.96),-1.2895768310549793,S14 (SBS14 - 0.98),17299319.22207041,S21 (SBS23 - 0.94),75297.16208609041
40,53648,0.3623579706536153,6334328.240984254,S10 (SBS10a - 1.00),0.9976299879183177,S21 (SBS23 - 0.94),-2.2997899328889075,S19 (SBS20 - 0.98),36858640.29931008,S13 (SBS13 - 0.99),146971.44847230508
41,26317,0.6225052500095626,4225232.56287594,S10 (SBS10a - 1.00),0.9985375023829641,S24 (SBS31 - 0.98),-0.03057719254011171,S14 (SBS14 - 0.98),19417948.28877615,S24 (SBS31 - 0.98),153873.71671792705
42,2175,0.5836584929087183,5890455.851693416,S6 (SBS7a - 1.00),0.9956710435154936,S21 (SBS23 - 0.94),-1.3116601881843213,S14 (SBS14 - 0.98),38791183.818752095,S13 (SBS13 - 0.99),181115.37939640475
43,57700,0.5814243194279428,8733524.908100858,S10 (SBS10a - 1.00),0.9979952661036386,S21 (SBS23 - 0.94),-0.5977423279316936,S14 (SBS14 - 0.98),53402386.3714231,S24 (SBS31 - 0.98),182893.7480210906
44,5361,0.567095166054668,4255575.59469171,S10 (SBS10a - 1.00),0.9989965081926638,S21 (SBS23 - 0.94),-0.7963748727670421,S19 (SBS20 - 0.98),19538503.335599054,S18 (SBS19 - 0.95),93871.94780688165
45,45572,0.5107348033494795,3424093.008963184,S10 (SBS10a - 1.00),0.996924057093359,S5 (SBS5 - 0.98),-1.2486347451523767,S14 (SBS14 - 0.98),16269348.365284823,S21 (SBS23 - 0.94),120990.37321023854
46,63649,0.6399862512408642,5701536.943324667,S10 (SBS10a - 1.00),0.9977197597429849,S5 (SBS5 - 0.98),-0.27664511573686634,S19 (SBS20 - 0.98),28543512.35762662,S13 (SBS13 - 0.99),131651.34186261275
47,11969,0.603260134587137,6319551.881005445,S10 (SBS10a - 1.00),0.9987497979334442,S21 (SBS23 - 0.94),-0.49047896664679747,S14 (SBS14 - 0.98),43111017.43482273,S18 (SBS19 - 0.95),141420.0412024414
48,61271,0.5604700693832207,6115529.520995537,S10 (SBS10a - 1.00),0.9989248795203506,S25 (SBS32 - 0.94),-0.4430350673732024,S14 (SBS14 - 0.98),52427489.16985886,S24 (SBS31 - 0.98),135885.03846395953
49,33806,0.44054750554762007,5959686.95934507,S10 (SBS10a - 1.00),0.9988467359546023,S21 (SBS23 - 0.94),-3.967314181181748,S14 (SBS14 - 0.98),30908884.221065816,S24 (SBS31 - 0.98),165801.2710532521
50,93748,0.5640916238045373,2166293.4361667465,S10 (SBS10a - 1.00),0.9990469794293335,S23 (SBS28 - 0.96),-0.6131517921795333,S14 (SBS14 - 0.98),11003469.43188968,S21 (SBS23 - 0.94),47106.197143928584
51,32012,0.5925204630562886,4794678.843997565,S10 (SBS10a - 1.00),0.9985080198078767,S5 (SBS5 - 0.98),-0.6062099374677379,S14 (SBS14 - 0.98),24984188.66869554,S13 (SBS13 - 0.99),157807.9618818929
52,87995,0.40888424462821776,6774330.316682138,S10 (SBS10a - 1.00),0.9971098723484575,S29 (SBS97 - 0.95),-2.4323630451275777,S14 (SBS14 - 0.98),33438974.371645078,S18 (SBS19 - 0.95),129965.81494060642
53,11546,0.5547370972970602,5304999.308957412,S10 (SBS10a - 1.00),0.9982539947546633,S17 (SBS18 - 0.97),-0.34335052325482684,S14 (SBS14 - 0.98),38037695.090744354,S21 (SBS23 - 0.94),139153.65441406428
54,93013,0.5934044516123753,5499385.263889435,S10 (SBS10a - 1.00),0.9990402134192038,S21 (SBS23 - 0.94),-0.898253456104547,S14 (SBS14 - 0.98),32407127.34335771,S24 (SBS31 - 0.98),190117.36180409737
55,14173,0.37960386398095153,5924160.914530069,S10 (SBS10a - 1.00),0.9987187925652612,S29 (SBS97 - 0.95),-1.982449717874836,S14 (SBS14 - 0.98),35731566.919996604,S24 (SBS31 - 0.98),152305.00493764304
56,38364,0.6364364321017678,6770624.458885715,S10 (SBS10a - 1.00),0.9990788648914425,S21 (SBS23 - 0.94),-0.031734031499142556,S14 (SBS14 - 0.98),47224105.432329975,S13 (SBS13 - 0.99),183901.55283852044
57,80269,0.4573019611209487,5507503.6800250225,S10 (SBS10a - 1.00),0.9984776645799216,S21 (SBS23 - 0.94),-3.440028430423939,S14 (SBS14 - 0.98),35255531.81208501,S18 (SBS19 - 0.95),157704.05352890203
58,96580,0.42691103238415307,5426619.69290143,S10 (SBS10a - 1.00),0.9984744059797271,S18 (SBS19 - 0.95),-2.4818349714448398,S14 (SBS14 - 0.98),31741655.767740153,S24 (SBS31 - 0.98),118551.30487105151
59,83919,0.3666098845043496,3565362.482834412,S10 (SBS10a - 1.00),0.9988467465559124,S21 (SBS23 - 0.94),-5.890735387720853,S14 (SBS14 - 0.98),11678547.698417522,S21 (SBS23 - 0.94),122452.62222142337
60,6466,0.6456906685159682,4277236.57698421,S10 (SBS10a - 1.00),0.9984549458180543,S17 (SBS18 - 0.97),-0.03630357474224066,S14 (SBS14 - 0.98),26905910.453488138,S18 (SBS19 - 0.95),149795.19200350821
61,75450,0.5564329758014096,4179914.672606639,S10 (SBS10a - 1.00),0.9980223593947871,S21 (SBS23 - 0.94),-2.128767496788656,S19 (SBS20 - 0.98),19128146.583589867,S24 (SBS31 - 0.98),145395.6649003245
62,38619,0.09328939928473531,6795776.324655858,S10 (SBS10a - 1.00),0.9988856163075569,S23 (SBS28 - 0.96),-12.75712299316886,S14 (SBS14 - 0.98),65811062.42031435,S24 (SBS31 - 0.98),151014.16739427584
63,4945,0.461999056856869,4156823.454619226,S10 (SBS10a - 1.00),0.9968327200828111,S23 (SBS28 - 0.96),-2.394834320672403,S14 (SBS14 - 0.98),22952948.80505635,S24 (SBS31 - 0.98),146182.25900943048
64,15330,0.578743750638118,3897399.1005305676,S10 (SBS10a - 1.00),0.9982994311740233,S18 (SBS19 - 0.95),-0.6137605327971885,S14 (SBS14 - 0.98),24339902.32501335,S18 (SBS19 - 0.95),80460.83288576525
65,97685,0.5027806033873575,8157491.929538738,S10 (SBS10a - 1.00),0.9974098270460144,S3 (SBS3 - 0.97),-1.7184132886570018,S14 (SBS14 - 0.98),56980414.889962845,S21 (SBS23 - 0.94),194283.39973476392
66,63500,0.5954573976626797,4898974.148116091,S10 (SBS10a - 1.00),0.9985046641197824,S5 (SBS5 - 0.98),-0.7997336143721445,S19 (SBS20 - 0.98),20006850.895383183,S18 (SBS19 - 0.95),185500.85174418706
67,49736,0.35215978222368666,8380795.675527009,S10 (SBS10a - 1.00),0.9974651798782991,S21 (SBS23 - 0.94),-1.5370897751092318,S14 (SBS14 - 0.98),44417642.43233963,S13 (SBS13 - 0.99),169343.35222953858
68,22894,0.43207259886844446,11517912.550882675,S10 (SBS10a - 1.00),0.9981946683094677,S3 (SBS3 - 0.97),-1.1860997751983047,S14 (SBS14 - 0.98),65911266.73831654,S13 (SBS13 - 0.99),153603.36890316752
69,93662,0.4784756370271216,6007422.253025863,S10 (SBS10a - 1.00),0.9983542656410973,S25 (SBS32 - 0.94),-0.9711413112851859,S23 (SBS28 - 0.96),27803776.386486147,S18 (SBS19 - 0.95),172672.93108063532
70,78745,0.6384270426418792,4655773.824056841,S10 (SBS10a - 1.00),0.9989630032376127,S21 (SBS23 - 0.94),-0.35492658161693313,S14 (SBS14 - 0.98),30208064.90325607,S13 (SBS13 - 0.99),216110.8956424428
71,32938,0.4771487218010705,4434139.59977786,S10 (SBS10a - 1.00),0.9990801930507076,S19 (SBS20 - 0.98),-3.9774325158482444,S14 (SBS14 - 0.98),21399174.795523245,S13 (SBS13 - 0.99),169778.69541684247
72,81868,0.572746483357752,2549942.4757679524,S6 (SBS7a - 1.00),0.9964704667823513,S25 (SBS32 - 0.94),-1.4363325397834132,S14 (SBS14 - 0.98),13387019.987506837,S18 (SBS19 - 0.95),77051.4839591184
73,50154,0.5858542005078078,3951586.3585065557,S10 (SBS10a - 1.00),0.998890570453636,S5 (SBS5 - 0.98),-0.4499585151621448,S14 (SBS14 - 0.98),18240803.315968648,S21 (SBS23 - 0.94),143468.80237227434
74,83840,0.3945248886984931,6578505.864582379,S10 (SBS10a - 1.00),0.9986497825537917,S21 (SBS23 - 0.94),-3.5962599201423844,S14 (SBS14 - 0.98),50112222.12010452,S21 (SBS23 - 0.94),111609.44367210288
75,79092,0.04870701887121717,4885130.253539436,S10 (SBS10a - 1.00),0.9987217484679914,S23 (SBS28 - 0.96),-14.380022179426483,S14 (SBS14 - 0.98),29727078.440819956,S18 (SBS19 - 0.95),115098.36622353716
76,30978,0.2469747338687031,7571168.442546217,S10 (SBS10a - 1.00),0.9977347270270449,S11 (SBS10d - 0.98),-7.34457478877116,S14 (SBS14 - 0.98),48768418.675052464,S13 (SBS13 - 0.99),122091.78182781884
77,81736,0.5342995386137056,5037907.023530504,S10 (SBS10a - 1.00),0.9988136318684319,S3 (SBS3 - 0.97),-0.5301766022192365,S22 (SBS26 - 0.94),22589635.552451666,S18 (SBS19 - 0.95),137210.1429739566
78,6207,0.3444946035547099,4741184.159502356,S10 (SBS10a - 1.00),0.9986747789091467,S21 (SBS23 - 0.94),-2.107838137460588,S22 (SBS26 - 0.94),21183176.09808758,S13 (SBS13 - 0.99),116326.78696109926
79,79503,0.5674017633490173,5870063.747196564,S10 (SBS10a - 1.00),0.9990352017989432,S5 (SBS5 - 0.98),-0.8625778700674658,S14 (SBS14 - 0.98),36082743.30849091,S18 (SBS19 - 0.95),217585.16321350425
80,85777,0.21701796705851506,4470227.02623624,S10 (SBS10a - 1.00),0.9990982435469096,S21 (SBS23 - 0.94),-10.187350186551154,S14 (SBS14 - 0.98),33090338.601696525,S13 (SBS13 - 0.99),166826.7144913643
81,27966,0.2138731413173402,6304360.702134272,S10 (SBS10a - 1.00),0.9967559089447058,S25 (SBS32 - 0.94),-7.776038469691688,S14 (SBS14 - 0.98),39105137.14598191,S24 (SBS31 - 0.98),150937.16508363988
82,87708,0.5616687848171181,7295445.849162626,S10 (SBS10a - 1.00),0.9983911010104215,S3 (SBS3 - 0.97),-0.7652873930355202,S14 (SBS14 - 0.98),40404258.67677922,S24 (SBS31 - 0.98),151816.70919849814
83,80889,0.4926697029976622,4920334.619780761,S10 (SBS10a - 1.00),0.9988193499608895,S23 (SBS28 - 0.96),-2.49461981428707,S14 (SBS14 - 0.98),25298341.139089085,S21 (SBS23 - 0.94),169645.343362272
84,72072,0.5025751382664856,4296817.762571578,S6 (SBS7a - 1.00),0.9975939381769384,S21 (SBS23 - 0.94),-2.559423573658555,S14 (SBS14 - 0.98),24770323.286908545,S18 (SBS19 - 0.95),116137.86064891504
85,34880,0.5213603520509815,6375694.934477564,S10 (SBS10a - 1.00),0.9981480063346669,S25 (SBS32 - 0.94),-1.3569547464318163,S23 (SBS28 - 0.96),26699641.55342646,S24 (SBS31 - 0.98),108838.52677188917
86,71107,0.546590149343199,4001177.0105357934,S10 (SBS10a - 1.00),0.9983734608453974,S23 (SBS28 - 0.96),-0.29534722819949577,S14 (SBS14 - 0.98),23039094.547247913,S24 (SBS31 - 0.98),96286.9856550473
87,79089,0.4423188251306193,6236552.355244542,S10 (SBS10a - 1.00),0.9979882807876516,S25 (SBS32 - 0.94),-1.4020250413172604,S14 (SBS14 - 0.98),49149394.38605856,S18 (SBS19 - 0.95),109901.27066103519
88,50237,0.5103749548683713,6628233.629295873,S10 (SBS10a - 1.00),0.9980739674320508,S23 (SBS28 - 0.96),-1.9228891371881511,S14 (SBS14 - 0.98),34748966.428930566,S24 (SBS31 - 0.98),106779.25097098848
89,42042,0.5687817509263291,3442137.7155589447,S10 (SBS10a - 1.00),0.9989999495910168,S29 (SBS97 - 0.95),-0.5061001686716478,S14 (SBS14 - 0.98),17290930.472576644,S21 (SBS23 - 0.94),148637.95676514017
90,66154,0.23445477888434124,7490625.773768863,S10 (SBS10a - 1.00),0.9984732946432652,S21 (SBS23 - 0.94),-4.539296212691003,S19 (SBS20 - 0.98),42694775.5246402,S24 (SBS31 - 0.98),187126.56198014552
91,68238,0.6463077287094638,3238497.872578747,S10 (SBS10a - 1.00),0.9989722281678017,S18 (SBS19 - 0.95),-0.7525459291484435,S14 (SBS14 - 0.98),17429942.962763906,S24 (SBS31 - 0.98),123563.07913039225
92,41012,0.4709385007963168,7487986.497221539,S10 (SBS10a - 1.00),0.9977216977783384,S29 (SBS97 - 0.95),-1.5723561456523387,S14 (SBS14 - 0.98),41696868.676087596,S13 (SBS13 - 0.99),133924.7101449665
93,80668,0.43687714850235965,5790745.846295902,S10 (SBS10a - 1.00),0.9981869238343656,S21 (SBS23 - 0.94),-2.21527961064129,S14 (SBS14 - 0.98),34100776.39849675,S13 (SBS13 - 0.99),200077.764383467
94,21094,0.4399878243273499,7897421.468095321,S10 (SBS10a - 1.00),0.9981379766540021,S21 (SBS23 - 0.94),-1.4599796432354215,S14 (SBS14 - 0.98),44260761.20189376,S18 (SBS19 - 0.95),133589.4951922563
95,1861,-4.428707119509183,5477843.24279161,S10 (SBS10a - 1.00),0.9958143670654749,S12 (SBS11 - 0.99),-141.10088144645542,S14 (SBS14 - 0.98),46298654.32538888,S18 (SBS19 - 0.95),177332.5157714225
96,63425,-1.2073341949817302,6911931.142783764,S10 (SBS10a - 1.00),0.9978530264645369,S21 (SBS23 - 0.94),-47.28783750482562,S14 (SBS14 - 0.98),43395754.516350165,S13 (SBS13 - 0.99),154993.55860764132
97,47979,0.6152459608889262,3401057.738911727,S10 (SBS10a - 1.00),0.9989187318287187,S19 (SBS20 - 0.98),-0.6339960124554886,S19 (SBS20 - 0.98),19801575.49613986,S18 (SBS19 - 0.95),185084.07616109494
98,76390,0.5978664884248038,3636330.4367193934,S10 (SBS10a - 1.00),0.998268978915121,S25 (SBS32 - 0.94),-0.6702970999164259,S14 (SBS14 - 0.98),18276996.09281832,S18 (SBS19 - 0.95),153013.5938713474
99,56828,0.37564408237859326,5675232.12004543,S6 (SBS7a - 1.00),0.9960896517523374,S21 (SBS23 - 0.94),-2.370075960299853,S19 (SBS20 - 0.98),30203816.749179572,S13 (SBS13 - 0.99),128474.59495503051
